,t,x,vx,y,vy,theta,alpha
0,0.0,0.0,4.991709083070141,10.0,0.2878201347978364,0.05759586531581287,0.0
1,0.19966783864122792,0.19966783864122792,4.991693724258466,10.003684137833204,-0.10361304278277483,0.057720577018155306,0.0
2,0.3993363678450307,0.3993363678450307,4.991743558413725,9.991710938548447,-0.495047569434401,0.05784565062661192,0.0
3,0.5990081811144516,0.5990081811144516,4.991857681123269,9.964080247337174,-0.8864884524417356,0.05797033011453615,0.0
4,0.7986858132471718,0.7986858132471718,4.9920340829870105,9.920791715014012,-1.2779403625411832,0.05809390023211707,0.0
5,0.9983716992665064,0.9983716992665064,4.992269818683693,9.86184481600225,-1.6694074181466847,0.05821572021778583,0.0
6,1.198068141389279,1.198068141389279,4.992561233744725,9.787238873565668,-2.060893041475977,0.058335247258433864,0.0
7,1.3977772855988229,1.3977772855988229,4.992904211965555,9.696973089207374,-2.4523998938969838,0.058452048284704274,0.0
8,1.5975011079625863,1.5975011079625863,4.993294410476303,9.591046573184116,-2.8439298824820582,0.058565801015055687,0.0
9,1.7972414097067793,1.7972414097067793,4.993727459729492,9.46945837361995,-3.2354842201166445,0.05867628669186618,0.0
10,1.996999819387987,1.996999819387987,4.994199117439963,9.332207502491089,-3.6270635184338578,0.05878337751401948,0.0
11,2.1967778002702696,2.1967778002702696,4.994705375370957,9.1792929575564,-4.018667894812896,0.05888702156133108,0.0
12,2.396576661112369,2.396576661112369,4.9952425242749685,9.01071373997147,-4.410297079278564,0.058987227373785645,0.0
13,2.5963975688527205,2.5963975688527205,4.99580718533313,8.826468867786954,-4.801950512282323,0.059084049605773264,0.0
14,2.79624156203101,2.79624156203101,4.996396316973182,8.626557385800789,-5.1936274287640884,0.05917757651951029,0.0
15,2.9961095641250117,2.9961095641250117,4.997007205020561,8.410978372349552,-5.585326927098324,0.05926791959481601,0.0
16,3.1960023962696598,3.1960023962696598,4.997637442587154,8.179730943636324,-5.977048023533783,0.05935520521921451,0.0
17,3.3959207890484433,3.3959207890484433,4.99828490446578,7.932814256144301,-6.368789693792296,0.05943956825037916,0.0
18,3.5958653932081845,3.5958653932081845,4.998947719354171,7.670227507608947,-6.760550903896639,0.059521147170024165,0.0
19,3.7958367892571667,3.7958367892571667,4.999624242081974,7.391969936937522,-7.152330632307907,0.05960008053690715,0.0
20,3.99583549597553,3.99583549597553,5.000313027160986,7.098040823385079,-7.544127885256588,0.05967650446861245,0.0
21,4.195861977906927,4.195861977906927,5.001012804379802,6.78843948522613,-7.935941706870338,0.05975055091866761,0.0
22,4.395916651920686,4.395916651920686,5.001722456763718,6.463165278102984,-8.327771185406617,0.05982234655619575,0.0
23,4.595999892941089,4.595999892941089,5.002441000966294,6.1222175931850185,-8.71961545662629,0.059892012093781984,0.0
24,4.796112038939679,4.796112038939679,5.003167570006751,5.765595855236452,-9.111473705110724,0.059959661942850934,0.0
25,4.996253395281245,4.996253395281245,5.003901398184029,5.393299520662119,-9.503345164133,0.06002540410382252,0.0
26,5.196424238506473,5.196424238506473,5.004641807959629,5.005328075579469,-9.895229114541019,0.060089340220832066,0.0
27,5.396624819625629,5.396624819625629,5.005388198590507,4.601681033949196,-10.287124882991145,0.06015156574851576,0.0
28,5.596855366988996,5.596855366988996,5.006140036298864,4.182357935785249,-10.67903183977973,0.06021217019206198,0.0
29,5.797116088791493,5.797116088791493,5.006896845780253,3.747358345456581,-11.070949396450724,0.06027123739218521,0.0
30,5.9974071752613565,5.9974071752613565,5.007658202870195,3.2966818500868738,-11.462877003305863,0.06032884583457698,0.0
31,6.1977288005759625,6.1977288005759625,5.00842372820965,2.8303280580542944,-11.854814146905497,0.06038506896930096,0.0
32,6.398081124541886,6.398081124541886,5.009193081769462,2.3482965975903682,-12.246760347619865,0.06043997552999183,0.0
33,6.5984642940710545,6.5984642940710545,5.009965958112303,1.8505871154751101,-12.638715157270076,0.06049362984595557,0.0
34,6.798878444480369,6.798878444480369,5.010742082287399,1.337199275824298,-13.030678156883083,0.06054609214263801,0.0
35,6.99932370063824,6.99932370063824,5.011521206268118,0.8081327589640247,-13.422648954574365,0.06059741882764671,0.0
36,7.1998001779781875,7.1998001779781875,5.012303105855453,0.263387260387276,-13.814627183564474,0.06064766276074499,0.0
37,7.40030798339678,7.40030798339678,5.013087577981653,-0.2970375102128525,-14.20661250033041,0.06069687350711169,0.0
38,7.600847216050779,7.600847216050779,5.013874438357926,-0.8731418298386531,-14.598604582889282,0.060745097573769925,0.0
39,7.801417968066259,7.801417968066259,5.014663519418323,-1.4649259630172164,-14.99060312920935,0.060792378629504276,0.0
40,8.002020325170715,8.002020325170715,5.015454668519011,-2.072390162568728,-15.382607855742167,0.06083875770885969,0.0
41,8.202654367257662,8.202654367257662,5.016247746358078,-2.695534670318356,-15.77461849606871,0.0608842734009873,0.0
42,8.403320168891929,8.403320168891929,5.017042625586104,-3.3343597177561355,-16.166634799651998,0.06092896202420054,0.0
43,8.604017799762769,8.604017799762769,5.017839189582043,-3.9888655266489685,-16.558656530688694,0.0609728577871511,0.0
44,8.804747325090931,8.804747325090931,5.018637331372627,-4.659052309608536,-16.950683467052254,0.061015992937543964,0.0
45,9.00550880599507,9.00550880599507,5.019436952676594,-5.344920270618656,-17.342715399320547,0.06105839789929566,0.0
46,9.20630229982215,9.20630229982215,5.020237963057694,-6.046469605525312,-17.734752129881162,0.061100101399008275,0.0
47,9.407127860445906,9.407127860445906,5.021040279172661,-6.7637005024923536,-18.126793472108062,0.061141130582589964,0.0
48,9.607985538536925,9.607985538536925,5.021843824102262,-7.4966131424255815,-18.518839249603687,0.06118151112280459,0.0
49,9.808875381807459,9.808875381807459,5.022648526755142,-8.245207699367736,-18.910889295500994,0.06122126731848239,0.0
50,10.009797435233695,10.009797435233695,5.023454321335595,-9.009484340866683,-19.30294345182039,0.06126042218607212,0.0
51,10.210751741257887,10.210751741257887,5.024261146867557,-9.789443228318893,-19.695001568876922,0.06129899754416401,0.0
52,10.411738339972455,10.411738339972455,5.025068946768158,-10.585084517290147,-20.08706350473343,0.06133701409156415,0.0
53,10.612757269287922,10.612757269287922,5.0258776684650135,-11.396408357815215,-20.479129124695763,0.06137449147945391,0.0
54,10.813808565086331,10.813808565086331,5.026687263052208,-12.22341489467813,-20.871198300846544,0.06141144837812431,0.0
55,11.014892261361606,11.014892261361606,5.027497684980566,-13.066104267674527,-21.263270911614146,0.06144790253873377,0.0
56,11.216008390348133,11.216008390348133,5.02830889177833,-13.924476611857393,-21.65534684137398,0.06148387085050002,0.0
57,11.417156982638733,11.417156982638733,5.029120843798902,-14.798532057767478,-22.047425980079367,0.06151936939370132,0.0
58,11.618338067293026,11.618338067293026,5.029933503992654,-15.688270731649474,-22.439508222919528,0.061554413488829944,0.0
59,11.819551671937106,11.819551671937106,5.030746837700228,-16.59369275565504,-22.83159347000245,0.061589017742211156,0.0
60,12.020797822855345,12.020797822855345,5.031560812465027,-17.51479824803359,-23.22368162606058,0.06162319608837362,0.0
61,12.222076545075039,12.222076545075039,5.0323753978628645,-18.451587323311728,-23.615772600177507,0.06165696182943239,0.0
62,12.42338786244456,12.42338786244456,5.033190565347016,-19.40406009246217,-24.007866305533906,0.06169032767172296,0.0
63,12.624731797705586,12.624731797705586,5.034006288107064,-20.37221666306283,-24.3999626591712,0.06172330575990421,0.0
64,12.826108372559938,12.826108372559938,5.034822540940164,-21.356057139446797,-24.792061581771552,0.06175590770872921,0.0
65,13.0275176077315,13.0275176077315,5.035639300133471,-22.35558162284383,-25.184162997452873,0.061788144632665826,0.0
66,13.228959523023635,13.228959523023635,5.036456543356641,-23.370790211513903,-25.576266833577687,0.06182002717353335,0.0
67,13.430434137372483,13.430434137372483,5.0372742495634135,-24.401683000873398,-25.968373020574774,0.06185156552630745,0.0
68,13.631941468896507,13.631941468896507,5.038092398901407,-25.44826008361437,-26.3604814917726,0.061882769463232595,0.0
69,13.833481534942553,13.833481534942553,5.038910972629344,-26.510521549817405,-26.752592183243653,0.06191364835636947,0.0
70,14.035054352128768,14.035054352128768,5.03972995304101,-27.588467487058416,-27.144705033658852,0.06194421119869438,0.0
71,14.23665993638457,14.23665993638457,5.040549323395323,-28.682097980509845,-27.536819984151272,0.06197446662385771,0.0
72,14.438298302987958,14.438298302987958,5.041369067851946,-29.79141311303655,-27.92893697818851,0.062004422924699786,0.0
73,14.639969466600334,14.639969466600334,5.042189171411948,-30.91641296528679,-28.321055961453055,0.062034088070614474,0.0
74,14.841673441299053,14.841673441299053,5.043009619863062,-32.05709761577852,-28.71317688173006,0.06206346972384336,0.0
75,15.043410240607862,15.043410240607862,5.043830399729124,-33.2134671409814,-29.10529968880202,0.062092575254776905,0.0
76,15.2451798775254,15.2451798775254,5.0446514982233435,-34.38552161539469,-29.497424334349834,0.06212141175633256,0.0
77,15.446982364551893,15.446982364551893,5.045472903205052,-35.573261111621264,-29.889550771859806,0.06214998605747463,0.0
78,15.648817713714193,15.648817713714193,5.046294603139659,-36.776685700438115,-30.28167895653619,0.06217830473593522,0.0
79,15.850685936589265,15.850685936589265,5.047116587061517,-37.995795450863376,-30.673808845218872,0.06220637413019128,0.0
80,16.05258704432625,16.05258704432625,5.047938844539479,-39.23059043022019,-31.065940396305844,0.062234200350748205,0.0
81,16.254521047667193,16.254521047667193,5.048761365644903,-40.481070704197556,-31.458073569680163,0.062261789290776866,0.0
82,16.456487956966548,16.456487956966548,5.049584140921917,-41.747236336908344,-31.850208326641045,0.062289146636147166,0.0
83,16.658487782209523,16.658487782209523,5.050407161359762,-43.02908739094462,-32.24234462983888,0.06231627787489807,0.0
84,16.860520533029366,16.860520533029366,5.051230418367035,-44.32662392743046,-32.63448244321389,0.06234318830618099,0.0
85,17.062586218723656,17.062586218723656,5.052053903747699,-45.639846006072396,-33.02662173193812,0.06236988304871082,0.0
86,17.264684848269656,17.264684848269656,5.052877609678706,-46.96875368520753,-33.4187624623607,0.06239636704875614,0.0
87,17.466816430338824,17.466816430338824,5.0537015286891185,-48.31334702184962,-33.81090460195598,0.062422645087698084,0.0
88,17.66898097331049,17.66898097331049,5.054525653640608,-49.67362607173308,-34.20304811927456,0.06244872178918506,0.0
89,17.8711784852848,17.8711784852848,5.055349977709233,-51.04959088935509,-34.59519298389681,0.062474601625908614,0.0
90,18.073408974094946,18.073408974094946,5.056174494368389,-52.4412415280159,-34.98733916638892,0.06250028892602388,0.0
91,18.27567244731873,18.27567244731873,5.0569991973728605,-53.848578039857436,-35.37948663826124,0.06252578787923656,0.0
92,18.477968912289523,18.477968912289523,5.057824080743875,-55.27160047590025,-35.77163537192871,0.06255110254257659,0.0
93,18.68029837610664,18.68029837610664,5.058649138755102,-56.71030888607896,-36.1637853406734,0.0625762368458776,0.0
94,18.88266084564518,18.88266084564518,5.059474365919516,-58.16470331927622,-36.55593651860889,0.06260119459697946,0.0
95,19.085056327565326,19.085056327565326,5.0602997569770745,-59.63478382335528,-36.948088880646466,0.06262597948667072,0.0
96,19.28748482832121,19.28748482832121,5.061125306883141,-61.12055044519125,-37.340242402463,0.06265059509338576,0.0
97,19.489946354169312,19.489946354169312,5.061951010797608,-62.62200323070113,-37.73239706047039,0.06267504488767141,0.0
98,19.69244091117642,19.69244091117642,5.062776864074671,-64.13914222487261,-38.124552831786545,0.06269933223643596,0.0
99,19.894968505227208,19.894968505227208,5.063602862253208,-65.67196747179176,-38.516709694207705,0.06272346040699327,0.0
100,20.097529142031462,20.097529142031462,5.064429001047721,-67.22047901466959,-38.90886762618215,0.06274743257091338,0.0
101,20.300122827130906,20.300122827130906,5.065255276339803,-68.7846768958677,-39.301026606785136,0.06277125180769076,0.0
102,20.502749565905738,20.502749565905738,5.066081684170101,-70.36456115692283,-39.69318661569502,0.06279492110824016,0.0
103,20.705409363580838,20.705409363580838,5.066908220730728,-71.96013183857053,-40.08534763317048,0.06281844337822963,0.0
104,20.908102225231676,20.908102225231676,5.067734882358114,-73.57138898076795,-40.47750964002882,0.06284182144125981,0.0
105,21.110828155789957,21.110828155789957,5.06856166552625,-75.19833262271572,-40.869672617625255,0.06286505804189753,0.0
106,21.313587160048986,21.313587160048986,5.069388566840307,-76.84096280287918,-41.261836547833134,0.06288815584857188,0.0
107,21.516379242668798,21.516379242668798,5.070215583030611,-78.49927955900857,-41.654001413025085,0.06291111745633997,0.0
108,21.71920440818105,21.71920440818105,5.071042710946937,-80.17328292815877,-42.04616719605495,0.06293394538952923,0.0
109,21.92206266099369,21.92206266099369,5.071869947553123,-81.86297294670813,-42.4383338802406,0.0629566421042629,0.0
110,22.12495400539541,22.12495400539541,5.072697289921961,-83.56834965037672,-42.830501449347416,0.06297920999087463,0.0
111,22.327878445559918,22.327878445559918,5.073524735230367,-85.28941307424392,-43.22266988757258,0.0630016513762181,0.0
112,22.53083598555,22.53083598555,5.074352280754801,-87.0261632527654,-43.61483917952996,0.06302396852587695,0.0
113,22.73382662932142,22.73382662932142,5.075179923866927,-88.77860021978942,-44.00700931023572,0.06304616364628005,0.0
114,22.936850380726646,22.936850380726646,5.0760076620294985,-90.54672400857275,-44.39918026509451,0.06306823888672698,0.0
115,23.139907243518408,23.139907243518408,5.076835492792453,-92.33053465179589,-44.791352029886205,0.06309019634132833,0.0
116,23.342997221353116,23.342997221353116,5.077663413789208,-94.13003218157779,-45.18352459075328,0.0631120380508647,0.0
117,23.54612031779413,23.54612031779413,5.078491422733138,-95.9452166294902,-45.57569793418863,0.06313376600456881,0.0
118,23.749276536314888,23.749276536314888,5.079319517414239,-97.77608802657137,-45.96787204702396,0.06315538214183426,0.0
119,23.952465880301904,23.952465880301904,5.0801476956959455,-99.6226464033394,-46.360046916418575,0.06317688835385454,0.0
120,24.155688353057652,24.155688353057652,5.080975955512112,-101.48489178980516,-46.75222252984871,0.0631982864851957,0.0
121,24.358943957803316,24.358943957803316,5.08180429486414,-103.36282421548471,-47.1443988750972,0.06321957833530578,0.0
122,24.56223269768144,24.56223269768144,5.082632711818247,-105.25644370941141,-47.53657594024367,0.0632407656599642,0.0
123,24.76555457575848,24.76555457575848,5.08346120450286,-107.16575030014758,-47.928753713655006,0.06326185017267355,0.0
124,24.96890959502722,24.96890959502722,5.084289771106138,-109.09074401579579,-48.32093218397626,0.06328283354599697,0.0
125,25.17229775840913,25.17229775840913,5.085118409873615,-111.03142488400985,-48.71311134012192,0.0633037174128432,0.0
126,25.37571906875661,25.37571906875661,5.085947119105945,-112.98779293200539,-49.105291171267474,0.06332450336770207,0.0
127,25.579173528855154,25.579173528855154,5.08677589715676,-114.95984818657016,-49.49747166684134,0.06334519296783242,0.0
128,25.78266114142543,25.78266114142543,5.087604742430623,-116.94759067407394,-49.88965281651709,0.06336578773440481,0.0
129,25.986181909125264,25.986181909125264,5.0884336533810774,-118.95102042047824,-50.28183461020595,0.06338628915360092,0.0
130,26.189735834551584,26.189735834551584,5.08926262850878,-120.97013745134569,-50.67401703804961,0.06340669867767175,0.0
131,26.39332292024225,26.39332292024225,5.090091666359727,-123.00494179184903,-51.066200090413304,0.06342701772595619,0.0
132,26.596943168677843,26.596943168677843,5.090920765523551,-125.05543346678,-51.45838375787911,0.06344724768586203,0.0
133,26.800596582283372,26.800596582283372,5.091749924631901,-127.12161250055784,-51.85056803123956,0.06346738991381079,0.0
134,27.00428316342993,27.00428316342993,5.092579142356889,-129.20347891723762,-52.2427529014914,0.06348744573614806,0.0
135,27.20800291443627,27.20800291443627,5.093408417409606,-131.30103274051822,-52.63493835982965,0.06350741645002093,0.0
136,27.41175583757036,27.41175583757036,5.094237748538705,-133.41427399375021,-53.027124397641856,0.06352730332422368,0.0
137,27.61554193505083,27.61554193505083,5.095067134529045,-135.54320269994344,-53.41931100650253,0.06354710760001335,0.0
138,27.819361209048413,27.819361209048413,5.095896574200387,-137.68781888177438,-53.81149817816782,0.06356683049189628,0.0
139,28.023213661687304,28.023213661687304,5.0967260664061556,-139.84812256159327,-54.20368590457031,0.06358647318838699,0.0
140,28.227099295046493,28.227099295046493,5.097555610032245,-142.02411376143112,-54.59587417781408,0.06360603685274037,0.0
141,28.431018111161034,28.431018111161034,5.098385203995881,-144.21579250300647,-54.9880629901699,0.06362552262365846,0.0
142,28.63497011202328,28.63497011202328,5.099214847244527,-146.4231588077319,-55.380252334070576,0.06364493161597284,0.0
143,28.838955299584068,28.838955299584068,5.100044538754834,-148.6462126967205,-55.77244220210646,0.0636642649213035,0.0
144,29.04297367575387,29.04297367575387,5.1008742775316405,-150.88495419079206,-56.16463258702115,0.06368352360869531,0.0
145,29.2470252424039,29.2470252424039,5.1017040626070065,-153.13938331047908,-56.556823481707305,0.0637027087252329,0.0
146,29.451110001367176,29.451110001367176,5.102533893039289,-155.40950007603269,-56.949014879202586,0.06372182129663488,0.0
147,29.65522795443957,29.65522795443957,5.103363767912257,-157.69530450742838,-57.34120677268578,0.06374086232782815,0.0
148,29.859379103380796,29.859379103380796,5.1041936863342405,-159.99679662437154,-57.73339915547301,0.06375983280350313,0.0
149,30.063563449915378,30.063563449915378,5.105023647437311,-162.3139764463029,-58.12559202101409,0.06377873368865072,0.0
150,30.267780995733585,30.267780995733585,5.105853650376499,-164.64684399240372,-58.517785362889015,0.06379756592908159,0.0
151,30.47203174249233,30.47203174249233,5.10668369432904,-166.99539928160112,-58.909979174804505,0.06381633045192853,0.0
152,30.676315691816058,30.676315691816058,5.107513778493648,-169.35964233257295,-59.30217345059074,0.06383502816613261,0.0
153,30.880632845297566,30.880632845297566,5.108343902089821,-171.7395731637526,-59.69436818419816,0.06385365996291367,0.0
154,31.084983204498847,31.084983204498847,5.1091740643571715,-174.13519179333392,-60.08656336969435,0.0638722267162257,0.0
155,31.289366770951865,31.289366770951865,5.110004264554782,-176.5464982392757,-60.47875900126107,0.06389072928319778,0.0
156,31.493783546159328,31.493783546159328,5.1108345019605865,-178.97349251930626,-60.87095507319133,0.06390916850456116,0.0
157,31.698233531595427,31.698233531595427,5.111664775870775,-181.41617465092781,-61.26315157988661,0.06392754520506286,0.0
158,31.902716728706558,31.902716728706558,5.112495085599218,-183.87454465142076,-61.65534851585411,0.06394586019386636,0.0
159,32.107233138912015,32.107233138912015,5.11332543047692,-186.34860253784785,-62.047545875704124,0.0639641142649399,0.0
160,32.31178276360466,32.31178276360466,5.11415580985148,-188.83834832705827,-62.4397436541475,0.06398230819743281,0.0
161,32.516365604151595,32.516365604151595,5.114986223086589,-191.34378203569162,-62.831941845993136,0.06400044275604024,0.0
162,32.720981661894776,32.720981661894776,5.1158166695615295,-193.86490368018175,-63.2241404461456,0.06401851869135688,0.0
163,32.925630938151635,32.925630938151635,5.116647148670705,-196.4017132767606,-63.61633944960278,0.06403653674021995,0.0
164,33.13031343421567,33.13031343421567,5.117477659823179,-198.95421084146184,-64.00853885145366,0.06405449762604175,0.0
165,33.33502915135704,33.33502915135704,5.11830820244224,-201.52239639012447,-64.40073864687609,0.06407240205913244,0.0
166,33.5397780908231,33.5397780908231,5.119138775964968,-204.10626993839637,-64.79293883113468,0.06409025073701305,0.0
167,33.744560253838955,33.744560253838955,5.119969379841831,-206.70583150173766,-65.18513939957873,0.06410804434471935,0.0
168,33.94937564160801,33.94937564160801,5.120800013536286,-209.32108109542418,-65.57734034764026,0.06412578355509674,0.0
169,34.154224255312435,34.154224255312435,5.121630676524398,-211.9520187345506,-65.96954167083202,0.06414346902908648,0.0
170,34.35910609611371,34.35910609611371,5.122461368294472,-214.59864443403367,-66.36174336474562,0.06416110141600365,0.0
171,34.564021165153086,34.564021165153086,5.123292088346696,-217.26095820861542,-66.75394542504972,0.06417868135380707,0.0
172,34.76896946355203,34.76896946355203,5.124122836192803,-219.93896007286608,-67.14614784748822,0.06419620946936144,0.0
173,34.97395099241273,34.97395099241273,5.124953611355731,-222.63265004118713,-67.53835062787856,0.064213686378692,0.0
174,35.1789657528185,35.1789657528185,5.1257844133693125,-225.34202812781422,-67.93055376210998,0.06423111268723192,0.0
175,35.38401374583421,35.38401374583421,5.126615241777957,-228.0670943468199,-68.32275724614199,0.06424848899006273,0.0
176,35.58909497250673,35.58909497250673,5.127446096136358,-230.8078487121166,-68.71496107600271,0.06426581587214802,0.0
177,35.794209433865305,35.794209433865305,5.128276976009203,-233.5642912374591,-69.10716524778734,0.06428309390856052,0.0
178,35.99935713092198,35.99935713092198,5.129107880970892,-236.33642193644735,-69.49936975765665,0.06430032366470294,0.0
179,36.204538064671944,36.204538064671944,5.129938810605273,-239.12424082252906,-69.89157460183559,0.06431750569652266,0.0
180,36.40975223609394,36.40975223609394,5.130769764505375,-241.92774790900214,-70.28377977661178,0.06433464055072054,0.0
181,36.6149996461506,36.6149996461506,5.131600742273162,-244.74694320901725,-70.67598527833421,0.064351728764954,0.0
182,36.82028029578883,36.82028029578883,5.132431743519284,-247.58182673558025,-71.06819110341183,0.0643687708680346,0.0
183,37.0255941859401,37.0255941859401,5.133262767862845,-250.43239850155447,-71.46039724831233,0.06438576738012021,0.0
184,37.230941317520845,37.230941317520845,5.1340938149311715,-253.29865851966318,-71.85260370956078,0.0644027188129021,0.0
185,37.436321691432724,37.436321691432724,5.134924884359594,-256.1806068024917,-72.24481048373846,0.06441962566978693,0.0
186,37.641735308562986,37.641735308562986,5.135755975791233,-259.0782433624898,-72.63701756748165,0.06443648844607393,0.0
187,37.84718216978474,37.84718216978474,5.136587088876791,-261.99156821197363,-73.02922495748041,0.06445330762912742,0.0
188,38.05266227595728,38.05266227595728,5.13741822327435,-264.9205813631282,-73.4214326504775,0.06447008369854468,0.0
189,38.25817562792638,38.25817562792638,5.138249378649183,-267.8652828280091,-73.81364064326725,0.06448681712631953,0.0
190,38.46372222652454,38.46372222652454,5.13908055467356,-270.82567261854473,-74.20584893269447,0.06450350837700156,0.0
191,38.669302072571305,38.669302072571305,5.139911751026571,-273.80175074653835,-74.5980575156534,0.06452015790785127,0.0
192,38.87491516687352,38.87491516687352,5.140742967393945,-276.79351722366994,-74.99026638908671,0.0645367661689912,0.0
193,39.08056151022557,39.08056151022557,5.14157420346788,-279.8009720614981,-75.38247554998448,0.06455333360355314,0.0
194,39.28624110340968,39.28624110340968,5.1424054589468815,-282.824115271462,-75.7746849953832,0.0645698606478216,0.0
195,39.491953947196116,39.491953947196116,5.143236733535596,-285.86294686488316,-76.16689472236489,0.06458634773137362,0.0
196,39.69770004234346,39.69770004234346,5.144068026944657,-288.91746685296727,-76.5591047280561,0.0646027952772151,0.0
197,39.90347938959884,39.90347938959884,5.144899338890537,-291.987675246806,-76.95131500962707,0.0646192037019136,0.0
198,40.10929198969816,40.10929198969816,5.1457306690953954,-295.07357205737867,-77.34352556429081,0.06463557341572784,0.0
199,40.315137843366294,40.315137843366294,5.146562017286942,-298.1751572955539,-77.7357363893023,0.06465190482273403,0.0
200,40.52101695131737,40.52101695131737,5.1473933831982945,-301.29243097209144,-78.12794748195756,0.06466819832094899,0.0
201,40.72692931425493,40.72692931425493,5.148224766567847,-304.42539309764356,-78.52015883959292,0.06468445430245025,0.0
202,40.93287493287215,40.93287493287215,5.1490561671391415,-307.5740436827569,-78.9123704595842,0.06470067315349322,0.0
203,41.138853807852065,41.138853807852065,5.149887584660737,-310.73838273787385,-79.3045823393459,0.06471685525462549,0.0
204,41.34486593986773,41.34486593986773,5.150719018886092,-313.9184102733342,-79.69679447633051,0.06473300098079832,0.0
205,41.55091132958245,41.55091132958245,5.151550469573444,-317.11412629937644,-80.08900686802772,0.06474911070147543,0.0
206,41.75698997764994,41.75698997764994,5.1523819364856935,-320.3255308261395,-80.48121951196374,0.0647651847807392,0.0
207,41.96310188471453,41.96310188471453,5.153213419390292,-323.55262386366417,-80.87343240570054,0.0647812235773943,0.0
208,42.16924705141135,42.16924705141135,5.154044918059135,-326.7954054218942,-81.26564554683523,0.06479722744506883,0.0
209,42.375425478366466,42.375425478366466,5.154876432268454,-330.05387551067804,-81.65785893299933,0.06481319673231307,0.0
210,42.5816371661971,42.5816371661971,5.155707961798714,-333.32803413977007,-82.05007256185817,0.06482913178269595,0.0
211,42.78788211551176,42.78788211551176,5.156539506434516,-336.6178813188319,-82.44228643111022,0.06484503293489909,0.0
212,42.994160326910446,42.994160326910446,5.157371065964497,-339.9234170574338,-82.83450053848647,0.06486090052280881,0.0
213,43.200471800984744,43.200471800984744,5.158202640181238,-343.24464136505594,-83.22671488174981,0.0648767348756059,0.0
214,43.40681653831805,43.40681653831805,5.159034228881171,-346.5815542510895,-83.61892945869448,0.06489253631785333,0.0
215,43.613194539485676,43.613194539485676,5.159865831864491,-349.9341557248382,-84.01114426714544,0.0649083051695819,0.0
216,43.81960580505503,43.81960580505503,5.1606974489350685,-353.30244579551925,-84.40335930495783,0.06492404174637398,0.0
217,44.026050335585744,44.026050335585744,5.161529079900365,-356.6864244722647,-84.7955745700164,0.06493974635944523,0.0
218,44.232528131629806,44.232528131629806,5.162360724571352,-360.08609176412267,-85.18779006023497,0.06495541931572459,0.0
219,44.43903919373172,44.43903919373172,5.16319238276243,-363.5014476800582,-85.58000577355594,0.06497106091793234,0.0
220,44.64558352242864,44.64558352242864,5.164024054291354,-366.9324922289548,-85.9722217079497,0.06498667146465645,0.0
221,44.85216111825048,44.85216111825048,5.164855738979154,-370.3792254196151,-86.36443786141417,0.0650022512504272,0.0
222,45.05877198172008,45.05877198172008,5.165687436650063,-373.8416472607625,-86.75665423197432,0.06501780056579012,0.0
223,45.26541611335329,45.26541611335329,5.166519147131447,-377.31975776104167,-87.14887081768164,0.0650333196973773,0.0
224,45.47209351365914,45.47209351365914,5.167350870253734,-380.81355692902,-87.5410876166137,0.06504880892797714,0.0
225,45.67880418313992,45.67880418313992,5.168182605850347,-384.3230447731885,-87.93330462687368,0.06506426853660253,0.0
226,45.88554812229131,45.88554812229131,5.169014353757636,-387.84822130196267,-88.32552184658991,0.06507969879855757,0.0
227,46.092325331602524,46.092325331602524,5.1698461138148195,-391.3890865236838,-88.71773927391546,0.06509509998550272,0.0
228,46.29913581155638,46.29913581155638,5.170677885863914,-394.9456404466197,-89.10995690702765,0.06511047236551872,0.0
229,46.505979562629456,46.505979562629456,5.17150966974968,-398.5178830789658,-89.50217474412769,0.06512581620316887,0.0
230,46.712856585292144,46.712856585292144,5.172341465319557,-402.10581442884603,-89.8943927834402,0.06514113175956024,0.0
231,46.91976688000881,46.91976688000881,5.173173272423612,-405.7094345043138,-90.28661102321287,0.0651564192924033,0.0
232,47.126710447237855,47.126710447237855,5.174005090914477,-409.3287433133528,-90.67882946171602,0.06517167905607045,0.0
233,47.33368728743186,47.33368728743186,5.1748369206473,-412.96374086387806,-91.07104809724224,0.06518691130165322,0.0
234,47.54069740103763,47.54069740103763,5.175668761479685,-416.6144271637367,-91.46326692810598,0.06520211627701825,0.0
235,47.74774078849636,47.74774078849636,5.176500613271646,-420.28080222070884,-91.85548595264319,0.06521729422686215,0.0
236,47.95481745024365,47.95481745024365,5.177332475885553,-423.96286604250855,-92.247705169211,0.06523244539276513,0.0
237,48.161927386709685,48.161927386709685,5.178164349186084,-427.6606186367845,-92.63992457618728,0.06524757001324351,0.0
238,48.369070598319254,48.369070598319254,5.178996233040176,-431.37406001112095,-93.03214417197036,0.06526266832380118,0.0
239,48.57624708549187,48.57624708549187,5.179828127316977,-435.10319017303846,-93.42436395497866,0.06527774055697992,0.0
240,48.78345684864187,48.78345684864187,5.180660031887802,-438.84800912999475,-93.81658392365036,0.06529278694240878,0.0
241,48.99069988817846,48.99069988817846,5.181491946626087,-442.60851688938544,-94.20880407644307,0.0653078077068523,0.0
242,49.197976204505856,49.197976204505856,5.1823238714073465,-446.3847134585448,-94.60102441183354,0.06532280307425782,0.0
243,49.40528579802332,49.40528579802332,5.183155806109129,-450.17659884474665,-94.99324492831727,0.06533777326580187,0.0
244,49.61262866912526,49.61262866912526,5.183987750610979,-453.9841730552049,-95.38546562440828,0.06535271849993546,0.0
245,49.82000481820129,49.82000481820129,5.184819704794392,-457.80743609707446,-95.77768649863879,0.06536763899242862,0.0
246,50.02741424563634,50.02741424563634,5.1856516685427785,-461.64638797745187,-96.16990754955889,0.0653825349564139,0.0
247,50.23485695181071,50.23485695181071,5.186483641741424,-465.50102870337594,-96.5621287757363,0.06539740660242908,0.0
248,50.442332937100154,50.442332937100154,5.187315624277454,-469.37135828182863,-96.95435017575603,0.065412254138459,0.0
249,50.64984220187593,50.64984220187593,5.18814761603979,-473.25737671973565,-97.34657174822019,0.06542707776997649,0.0
250,50.8573847465049,50.8573847465049,5.188979616919121,-477.15908402396707,-97.73879349174759,0.0654418776999826,0.0
251,51.06496057134959,51.06496057134959,5.189811626807868,-481.0764802013381,-98.13101540497358,0.06545665412904594,0.0
252,51.27256967676824,51.27256967676824,5.190643645600145,-485.0095652586096,-98.52323748654977,0.0654714072553413,0.0
253,51.48021206311492,51.48021206311492,5.1914756731917295,-488.95833920248896,-98.91545973514374,0.06548613727468741,0.0
254,51.68788773073953,51.68788773073953,5.192307709480031,-492.9228020396304,-99.3076821494388,0.06550084438058411,0.0
255,51.89559667998793,51.89559667998793,5.193139754364053,-496.902953776636,-99.69990472813376,0.06551552876424864,0.0
256,52.103338911201945,52.103338911201945,5.193971807744371,-500.898794420056,-100.09212746994265,0.06553019061465135,0.0
257,52.31111442471946,52.31111442471946,5.194803869523094,-504.91032397638935,-100.48435037359457,0.06554483011855063,0.0
258,52.518923220874484,52.518923220874484,5.1956359396038385,-508.9375424520847,-100.87657343783331,0.06555944746052719,0.0
259,52.7267652999972,52.7267652999972,5.1964680178917,-512.9804498535406,-101.26879666141731,0.06557404282301775,0.0
260,52.934640662414004,52.934640662414004,5.197300104293223,-517.0390461871062,-101.66102004311925,0.06558861638634791,0.0
261,53.14254930844761,53.14254930844761,5.198132198716376,-521.1133314590821,-102.05324358172597,0.06560316832876462,0.0
262,53.350491238417064,53.350491238417064,5.198964301070521,-525.2033056757203,-102.44546727603817,0.0656176988264678,0.0
263,53.55846645263781,53.55846645263781,5.199796411266388,-529.3089688432254,-102.83769112487028,0.06563220805364157,0.0
264,53.766474951421756,53.766474951421756,5.200628529216053,-533.4303209677546,-103.22991512705013,0.06564669618248475,0.0
265,53.97451673507732,53.97451673507732,5.201460654832909,-537.5673620554186,-103.6221392814189,0.06566116338324082,0.0
266,54.18259180390948,54.18259180390948,5.20229278803164,-541.720092112282,-104.01436358683075,0.06567560982422734,0.0
267,54.39070015821982,54.39070015821982,5.203124928728201,-545.8885111443639,-104.40658804215282,0.06569003567186481,0.0
268,54.5988417983066,54.5988417983066,5.203957076839792,-550.0726191576381,-104.79881264626485,0.06570444109070499,0.0
269,54.80701672446478,54.80701672446478,5.204789232284837,-554.2724161580342,-105.19103739805912,0.06571882624345868,0.0
270,55.015224936986094,55.015224936986094,5.205621394982956,-558.4879021514373,-105.58326229644021,0.06573319129102304,0.0
271,55.22346643615907,55.22346643615907,5.206453564854952,-562.7190771436894,-105.9754873403248,0.06574753639250833,0.0
272,55.4317412222691,55.4317412222691,5.207285741822781,-566.965941140589,-106.36771252864158,0.0657618617052642,0.0
273,55.64004929559848,55.64004929559848,5.2081179258095345,-571.2284941478923,-106.75993786033096,0.06577616738490552,0.0
274,55.84839065642644,55.84839065642644,5.20895011673942,-575.5067361713132,-107.15216333434499,0.0657904535853377,0.0
275,56.05676530502921,56.05676530502921,5.209782314537738,-579.8006672165237,-107.54438894964714,0.06580472045878157,0.0
276,56.26517324168005,56.26517324168005,5.210614519130865,-584.110287289155,-107.93661470521215,0.06581896815579781,0.0
277,56.47361446664931,56.47361446664931,5.211446730446233,-588.4355963947974,-108.32884060002587,0.06583319682531096,0.0
278,56.682088980204426,56.682088980204426,5.21227894841231,-592.7765945390004,-108.72106663308509,0.0658474066146329,0.0
279,56.890596782610025,56.890596782610025,5.213111172958582,-597.1332817272742,-109.1132928033974,0.06586159766948607,0.0
280,57.09913787412792,57.09913787412792,5.213943404015536,-601.5056579650891,-109.50551910998102,0.06587577013402618,0.0
281,57.307712255017165,57.307712255017165,5.21477564151464,-605.8937232578766,-109.89774555186467,0.06588992415086446,0.0
282,57.516319925534084,57.516319925534084,5.215607885388327,-610.2974776110294,-110.28997212808738,0.06590405986108966,0.0
283,57.72496088593233,57.72496088593233,5.21644013556998,-614.7169210299021,-110.68219883769841,0.06591817740428955,0.0
284,57.93363513646291,57.93363513646291,5.21727239199391,-619.1520535198113,-111.07442567975703,0.06593227691857209,0.0
285,58.14234267737421,58.14234267737421,5.218104654595346,-623.6028750860362,-111.46665265333242,0.06594635854058621,0.0
286,58.351083508912055,58.351083508912055,5.218936923310416,-628.0693857338191,-111.85887975750354,0.06596042240554223,0.0
287,58.55985763131972,58.55985763131972,5.21976919807613,-632.5515854683656,-112.251106991359,0.06597446864723196,0.0
288,58.768665044837995,58.768665044837995,5.220601478830368,-637.0494742948449,-112.64333435399686,0.06598849739804837,0.0
289,58.97750574970518,58.97750574970518,5.221433765511861,-641.5630522183906,-113.0355618445246,0.066002508789005,0.0
290,59.186379746157165,59.186379746157165,5.222266058060182,-646.0923192441004,-113.42778946205888,0.06601650294975503,0.0
291,59.395287034427426,59.395287034427426,5.223098356415726,-650.6372753770371,-113.82001720572553,0.06603048000860995,0.0
292,59.60422761474707,59.60422761474707,5.2239306605197,-655.1979206222287,-114.21224507465935,0.06604444009255798,0.0
293,59.81320148734487,59.81320148734487,5.224762970314106,-659.7742549846687,-114.60447306800395,0.0660583833272822,0.0
294,60.022208652447304,60.022208652447304,5.22559528574173,-664.3662784693165,-114.99670118491176,0.06607230983717823,0.0
295,60.23124911027857,60.23124911027857,5.226427606746128,-668.9739910810979,-115.38892942454378,0.06608621974537178,0.0
296,60.440322861060615,60.440322861060615,5.227259933271614,-673.5973928249052,-115.78115778606954,0.06610011317373585,0.0
297,60.649429905013186,60.649429905013186,5.2280922652632436,-678.2364837055977,-116.17338626866697,0.06611399024290755,0.0
298,60.858570242353835,60.858570242353835,5.228924602666806,-682.891263728002,-116.56561487152227,0.06612785107230477,0.0
299,61.06774387329797,61.06774387329797,5.229756945428812,-687.5617328969122,-116.95784359382979,0.0661416957801425,0.0
300,61.27695079805888,61.27695079805888,5.230589293496475,-692.2478912170905,-117.35007243479198,0.06615552448344887,0.0
301,61.486191016847734,61.486191016847734,5.23142164681771,-696.9497386932671,-117.74230139361923,0.06616933729808096,0.0
302,61.695464529873654,61.695464529873654,5.232254005341113,-701.6672753301411,-118.13453046952975,0.06618313433874032,0.0
303,61.90477133734371,61.90477133734371,5.233086369015954,-706.4005011323803,-118.52675966174954,0.0661969157189883,0.0
304,62.11411143946295,62.11411143946295,5.233918737792167,-711.1494161046217,-118.91898896951221,0.06621068155126097,0.0
305,62.323484836434446,62.323484836434446,5.234751111620336,-715.9140202514717,-119.31121839205893,0.06622443194688403,0.0
306,62.53289152845929,62.53289152845929,5.2355834904516865,-720.6943135775068,-119.70344792863833,0.06623816701608723,0.0
307,62.742331515736645,62.742331515736645,5.236415874238074,-725.4902960872734,-120.09567757850633,0.06625188686801874,0.0
308,62.95180479846377,62.95180479846377,5.237248262931975,-730.3019677852881,-120.48790734092616,0.06626559161075919,0.0
309,63.16131137683601,63.16131137683601,5.238080656486476,-735.1293286760384,-120.88013721516818,0.06627928135133555,0.0
310,63.37085125104687,63.37085125104687,5.2389130548552645,-739.9723787639829,-121.27236720050982,0.06629295619573469,0.0
311,63.58042442128801,63.58042442128801,5.239745457992618,-744.831118053551,-121.6645972962355,0.06630661624891684,0.0
312,63.79003088774926,63.79003088774926,5.240577865853397,-749.7055465491441,-122.0568275016365,0.06632026161482873,0.0
313,63.99967065061867,63.99967065061867,5.241410278393033,-754.5956642551349,-122.44905781601094,0.06633389239641659,0.0
314,64.2093437100825,64.2093437100825,5.242242695567523,-759.5014711758687,-122.84128823866358,0.0663475086956389,0.0
315,64.4190500663253,64.4190500663253,5.243075117333414,-764.4229673156626,-123.23351876890588,0.06636111061347895,0.0
316,64.62878971952983,64.62878971952983,5.243907543647803,-769.3601526788066,-123.62574940605579,0.06637469824995727,0.0
317,64.8385626698772,64.8385626698772,5.244739974468322,-774.3130272695635,-124.01798014943775,0.06638827170414371,0.0
318,65.04836891754682,65.04836891754682,5.245572409753132,-779.2815910921692,-124.41021099838257,0.0664018310741695,0.0
319,65.25820846271642,65.25820846271642,5.246404849460914,-784.2658441508328,-124.80244195222734,0.06641537645723897,0.0
320,65.46808130556212,65.46808130556212,5.247237293550862,-789.2657864497372,-125.1946730103154,0.06642890794964121,0.0
321,65.67798744625838,65.67798744625838,5.2480697419826745,-794.2814179930392,-125.5869041719962,0.06644242564676148,0.0
322,65.8879268849781,65.8879268849781,5.248902194716546,-799.3127387848696,-125.97913543662528,0.06645592964309247,0.0
323,66.09789962189255,66.09789962189255,5.24973465171316,-804.3597488293334,-126.37136680356417,0.06646942003224536,0.0
324,66.30790565717147,66.30790565717147,5.250567112933681,-809.4224481305104,-126.7635982721803,0.06648289690696074,0.0
325,66.51794499098305,66.51794499098305,5.25139957833975,-814.5008366924551,-127.15582984184697,0.06649636035911935,0.0
326,66.72801762349395,66.72801762349395,5.252232047893471,-819.5949145191971,-127.5480615119432,0.06650981047975263,0.0
327,66.93812355486934,66.93812355486934,5.253064521557411,-824.7046816147414,-127.94029328185378,0.06652324735905314,0.0
328,67.14826278527286,67.14826278527286,5.253896999294588,-829.8301379830682,-128.33252515096908,0.06653667108638484,0.0
329,67.35843531486672,67.35843531486672,5.254729481068466,-834.9712836281336,-128.72475711868506,0.06655008175029313,0.0
330,67.56864114381167,67.56864114381167,5.25556196684295,-840.1281185538697,-129.11698918440317,0.06656347943851487,0.0
331,67.77888027226702,67.77888027226702,5.256394456582375,-845.3006427641847,-129.50922134753029,0.0665768642379881,0.0
332,67.98915270039065,67.98915270039065,5.257226950251503,-850.488856262963,-129.90145360747863,0.06659023623486172,0.0
333,68.19945842833906,68.19945842833906,5.258059447815517,-855.6927590540661,-130.29368596366575,0.066603595514505,0.0
334,68.40979745626736,68.40979745626736,5.258891949240012,-860.9123511413318,-130.68591841551444,0.06661694216151691,0.0
335,68.62016978432928,68.62016978432928,5.259724454490992,-866.1476325285751,-131.07815096245264,0.06663027625973537,0.0
336,68.8305754126772,68.8305754126772,5.26055696353486,-871.3986032195883,-131.47038360391343,0.0666435978922463,0.0
337,69.04101434146219,69.04101434146219,5.261389476338416,-876.6652632181409,-131.86261633933492,0.06665690714139261,0.0
338,69.25148657083396,69.25148657083396,5.26222199286885,-881.9476125279804,-132.2548491681602,0.06667020408878295,0.0
339,69.46199210094095,69.46199210094095,5.263054513093734,-887.2456511528318,-132.6470820898373,0.06668348881530048,0.0
340,69.67253093193028,69.67253093193028,5.2638870369810205,-892.5593790963982,-133.03931510381918,0.06669676140111133,0.0
341,69.88310306394783,69.88310306394783,5.264719564499033,-897.8887963623608,-133.43154820956352,0.06671002192567312,0.0
342,70.0937084971382,70.0937084971382,5.265552095616463,-903.2339029543796,-133.82378140653282,0.06672327046774319,0.0
343,70.30434723164473,70.30434723164473,5.266384630302364,-908.5946988760927,-134.2160146941943,0.06673650710538688,0.0
344,70.51501926760956,70.51501926760956,5.2672171685261455,-913.9711841311173,-134.60824807201982,0.06674973191598549,0.0
345,70.7257246051736,70.7257246051736,5.2680497102575705,-919.3633587230495,-135.00048153948578,0.06676294497624431,0.0
346,70.93646324447654,70.93646324447654,5.268882255466747,-924.7712226554645,-135.3927150960732,0.06677614636220043,0.0
347,71.14723518565691,71.14723518565691,5.269714804124125,-930.1947759319169,-135.78494874126756,0.06678933614923045,0.0
348,71.35804042885205,71.35804042885205,5.270547356200491,-935.6340185559405,-136.17718247455878,0.0668025144120581,0.0
349,71.56887897419814,71.56887897419814,5.271379911666964,-941.0889505310494,-136.56941629544116,0.06681568122476178,0.0
350,71.77975082183022,71.77975082183022,5.272212470494989,-946.559571860737,-136.96165020341334,0.06682883666078189,0.0
351,71.99065597188218,71.99065597188218,5.273045032656336,-952.045882548477,-137.3538841979783,0.06684198079292816,0.0
352,72.2015944244868,72.2015944244868,5.273877598123089,-957.5478825977233,-137.74611827864314,0.06685511369338683,0.0
353,72.41256617977574,72.41256617977574,5.27471016686765,-963.0655720119099,-138.1383524449193,0.06686823543372773,0.0
354,72.62357123787956,72.62357123787956,5.275542738862727,-968.5989507944518,-138.53058669632227,0.06688134608491128,0.0
355,72.83460959892774,72.83460959892774,5.276375314081334,-974.1480189487443,-138.92282103237167,0.06689444571729536,0.0
356,73.04568126304869,73.04568126304869,5.277207892496786,-979.7127764781637,-139.31505545259117,0.06690753440064208,0.0
357,73.25678623036976,73.25678623036976,5.278040474082693,-985.2932233860676,-139.70728995650842,0.06692061220412453,0.0
358,73.46792450101724,73.46792450101724,5.278873058812958,-990.8893596757941,-140.09952454365506,0.06693367919633332,0.0
359,73.67909607511638,73.67909607511638,5.279705646661773,-996.5011853506635,-140.49175921356667,0.06694673544528315,0.0
360,73.89030095279142,73.89030095279142,5.280538237603612,-1002.1287004139768,-140.88399396578262,0.06695978101841915,0.0
361,74.10153913416558,74.10153913416558,5.2813708316132315,-1007.7719048690174,-141.27622879984622,0.0669728159826233,0.0
362,74.31281061936106,74.31281061936106,5.282203428665663,-1013.4307987190498,-141.6684637153045,0.06698584040422056,0.0
363,74.52411540849907,74.52411540849907,5.283036028736212,-1019.105381967321,-142.06069871170826,0.06699885434898517,0.0
364,74.73545350169987,74.73545350169987,5.283868631800451,-1024.7956546170599,-142.45293378861197,0.06701185788214659,0.0
365,74.9468248990827,74.9468248990827,5.28470123783422,-1030.5016166714774,-142.84516894557385,0.06702485106839554,0.0
366,75.15822960076588,75.15822960076588,5.285533846813619,-1036.2232681337673,-143.23740418215564,0.0670378339718899,0.0
367,75.36966760686676,75.36966760686676,5.286366458715007,-1041.9606090071056,-143.62963949792274,0.06705080665626059,0.0
368,75.58113891750173,75.58113891750173,5.287199073514998,-1047.713639294651,-144.0218748924441,0.0670637691846172,0.0
369,75.7926435327863,75.7926435327863,5.288031691190455,-1053.4823589995453,-144.4141103652921,0.06707672161955376,0.0
370,76.00418145283501,76.00418145283501,5.288864311718491,-1059.2667681249131,-144.80634591604266,0.06708966402315429,0.0
371,76.21575267776151,76.21575267776151,5.2896969350764635,-1065.066866673862,-145.19858154427513,0.06710259645699831,0.0
372,76.42735720767857,76.42735720767857,5.29052956124197,-1070.8826546494827,-145.59081724957224,0.06711551898216632,0.0
373,76.63899504269801,76.63899504269801,5.291362190192846,-1076.7141320548496,-145.98305303152006,0.06712843165924509,0.0
374,76.85066618293084,76.85066618293084,5.292194821907163,-1082.5612988930206,-146.37528888970803,0.06714133454833307,0.0
